id,node_id,demand
TPS_1,N5_5,20.89391658314211
TPS_2,N0_7,26.559139244108103
TPS_3,N0_1,35.160658643100874
TPS_4,N2_1,20.79607909051591
TPS_5,N1_7,25.965129520599454
TPS_6,N1_6,39.4965331333857
TPS_7,N1_0,36.3482444180965
TPS_8,N0_6,26.613218661220902
TPS_9,N4_7,37.67797051627726
TPS_10,N0_5,44.2829137003348
TPS_11,N3_5,20.19496279034183
TPS_12,N0_2,44.17457755498424
